18;France;PEUGEOT;308;Essence;15;Manuelle;https://s3.eu-central-1.amazonaws.com/vophotos/ORIGINAL/AP/FR/PEUGEOT-308-23504_1.JPG;25000
19;France;PEUGEOT;5008;Essence;20;Manuelle;https://upload.wikimedia.org/wikipedia/commons/thumb/b/b1/2017_Peugeot_5008_GT_Line_1.2_Front.jpg/1200px-2017_Peugeot_5008_GT_Line_1.2_Front.jpg;48000
21;France;PEUGEOT;206;Essence;5;Manuelle;https://upload.wikimedia.org/wikipedia/commons/thumb/d/d9/Peugeot_206_Quicksilver_90.jpg/1200px-Peugeot_206_Quicksilver_90.jpg;14000
22;France;RENAULT;MEGANE;Essence;5;Manuelle;https://www.cdn.renault.com/content/dam/Renault/FR/personal-cars/megane/bfb-megane-berline/bfb-phase-1/pack-gt-line/renault-megane-berline-gt-line1.jpg.ximg.l_full_m.smart.jpg;15000
23;France;RENAULT;TWINGO;Essence;4;Manuelle;https://www.cdn.renault.com/content/dam/Renault/FR/webrender-fr/TWINGO/Life/life-sce-70/FRAVP_X07_1_BI_OVQNJ_BR1B%209TP%20E6E.jpg.ximg.l_12_m.smart.jpg;9500
24;France;RENAULT;SCENIC;Essence;4;Manuelle;https://www.cdn.renault.com/content/dam/Renault/FR/webrender-fr/NOUVEAU%20SCENIC/Intens/FRAVP_XFA_1_MO_BIXUO_EA3%20A5A6R_RALU20.jpg.ximg.l_full_m.smart.jpg;12500
25;Japon;TOYOTA;PRIUS;Diesel;5;Automatique;https://images.toyota-europe.com/fr/prius/width/1200/exterior-3.jpg;23000
26;Japon;TOYOTA;YARIS;Diesel;15;Automatique;https://images.toyota-europe.com/fr/ya/width/1200/exterior-3.jpg;35000
27;Japon;NISSAN;QASHQAI;Diesel;20;Automatique;https://www.nissan-cdn.net/content/dam/Nissan/nissan_europe/vehicles/new-qashqai/Grade/17TDIeuLHD_QQ-HELIOSConfigurator_002.jpg.ximg.l_12_m.smart.jpg;45000
28;Japon;MITSUBISHI;OUTLANDER;Diesel;25;Automatique;https://www.cstatic-images.com/car-pictures/xl/usc70mis032d021001.png;39000
29;Japon;MITSUBISHI;ASX;Diesel;25;Automatique;https://d3lp4xedbqa8a5.cloudfront.net/imagegen/max/ccr/860/-/s3/digital-cougar-assets/traderspecs/2017/09/05/Misc/15.5MY_ASX_LS_4wd_CoolSilver.jpg;35000
30;Japon;HONDA;Saga Honda;Diesel;25;Automatique;https://images.caradisiac.com/logos/9/8/0/0/139800/S5-La-saga-Honda-49979.jpg;40000
31;Englend;ASTON MARTIN;VANQUISH;Essence;40;Automatique;https://98f3f045850af74cdac1-992a47bd46d9a6d66dd3edc4b2c3d9ac.ssl.cf1.rackcdn.com/SCFLMCKZ2JGJ03624/460023bc29523207dc82478754031c73.jpg;48000
32;Englend;JAGUAR;XJ;Essence;40;Automatique;http://img4.autodeclics.com/photo_article/80578/11736/1200-L-une-future-xj-plus-originale-que-jamais.jpg;150000
34;Englend;BENTLEY;BENTAYGA;Essence;150;Automatique;http://img4.autodeclics.com/photo_article/78551/9340/1200-L-le-bentayga-devient-bi-ton-grace-a-mulliner.jpg;195000
35;Englend;BENTLEY;Saga Bentley;Essence;200;Automatique;https://s1.cdn.autoevolution.com/images/news/chinese-clone-saga-bentley-continental-flying-spur-copied-6596_2.jpg;250000
36;Italie;FERRARI;LAFERRARI;Essence;250;Automatique;https://mrcollection.com/wp-content/uploads/2017/06/Ferrari-LaFerrari-Aperta-Yellow_01.jpg;280000
37;Italie;FERRARI;PORTOFINO;Essence;250;Automatique;https://www.challenges.fr/assets/img/2017/08/23/cover-r4x3w1000-599dac63c891c-170577-ferrari-portofino-jpg.jpg;285000
38;Italie;FERRARI;Saga Ferrari;Essence;240;Automatique;https://i.ytimg.com/vi/mP3FTdAialk/maxresdefault.jpg;290000
40;Italie;FIAT;124;Diesel;10;Manuelle;https://lb.assets.fiat.com/vl-picker-service/assets/00/124-spider-s0-wccf/images/thumbnail/equipment/124_SPIDER.png;23000
41;Italie;FIAT;500;Diesel;8;Manuelle;https://images.elite-auto.fr/visuel/FIAT/fiat_16500lounge3hb2fbc_angularfront.png;12500
42;Italie;MASERATI;Saga Maserati;Diesel;95;Automatique;https://images.caradisiac.com/logos-ref/modele/modele--maserati-granturismo/S0-modele--maserati-granturismo.jpg;150000
43;Italie;MASERATI;QUATTROPORTE;Diesel;105;Automatique;https://www.maserati.com/mediaObject/sites/international/Models/Quattroporte/Quattroporte-my18/QP-Diesel-275-Nera-18/resolutions/res-l10000x210/QP-Diesel-275-Nera-18.jpg;12000
44;Italie;LAMBORGHINI;URUS;Diesel;180;Automatique;https://img.autoplus.fr/news/2017/12/18/1523070/1200%7C800%7C186470be0493b17f4ad73cb9.jpg;175000
45;Italie;LAMBORGHINI;HURACAN;Diesel;195;Automatique;https://s3.caradvice.com.au/thumb/960/500/wp-content/uploads/2018/01/lamborghini_huracan_performante_review_hero.jpg;185000
